0440008V;François Cacault;college;public;44190;Clisson
0440010X;Paul Langevin;college;public;44220;Couëron
0440013A;-;college;public;44290;Guémené-Penfao
0440015C;Jacques Prévert;college;public;44410;Herbignac
0440016D;Anne De Bretagne;college;public;44800;Saint-Herblain
0440018F;Raymond Queneau;college;public;44270;Machecoul
0440023L;Chantenay;college;public;44100;Nantes
0440025N;Talence;college;public;44300;Nantes
0440028S;La Colinière;college;public;44319;Nantes
0440045K;Victor Hugo;college;public;44042;Nantes
0440049P;Aristide Briand;college;public;44262;Nantes
0440055W;Jean Rostand;college;public;44700;Orvault
0440061C;Jules Verne;college;public;44510;Le-Pouliguen
0440064F;de Pont-Rousseau;college;public;44400;Rezé
0440065G;de la Petite Lande;college;public;44400;Rezé
0440066H;René-Guy Cadou;college;public;44250;Saint-Brévin-les-Pins
0440080Y;Jean Monnet;college;public;44120;Vertou
0440107C;d'Angreviers;college;prive;44190;Gorges
0440147W;René-Guy Cadou;college;public;44150;Ancenis
0440152B;de la Haye Saint-Donatien;college;prive;44590;Derval
0440153C;Saint-Gabriel;college;prive;44115;Haute-Goulaine
0440168U;Sacré-Coeur;college;prive;44100;Nantes
0440179F;de la Maine;college;prive;44140;Aigrefeuille-sur-Maine
0440182J;Saint-Laurent;college;prive;44130;Blain
0440184L;Saint-Hermeland;college;prive;44830;Bouaye
0440188R;de l'Immaculée Conception;college;prive;44190;Clisson
0440190T;Sainte-Philomène;college;prive;44220;Couëron
0440191U;Sainte-Marie;college;prive;44500;La-Baule-Escoublac
0440192V;Saint-Michel;college;prive;44290;Guémené-Penfao
0440193W;Saint-Jean-Baptiste;college;prive;44350;Guérande
0440195Y;Saint-Joseph;college;prive;44410;Herbignac
0440196Z;Sainte-Anne;college;prive;44650;Legé
0440198B;Notre-Dame;college;prive;44620;La-Montagne
0440199C;Saint-Joseph;college;prive;44850;Ligné
0440200D;Notre-Dame;college;prive;44430;Le-Loroux-Bottereau
0440203G;Notre-Dame de l'Abbaye;college;prive;44100;Nantes
0440206K;Notre-Dame du Bon Conseil;college;prive;44022;Nantes
0440207L;Saint-Jean-Baptiste De La Salle;college;prive;44000;Nantes
0440209N;Helder Camara;college;prive;44119;Treillières
0440210P;Sainte-Madeleine - La Joliverie;college;prive;44265;Nantes
0440211R;Théophane Vénard;college;prive;44100;Nantes
0440217X;Notre-Dame de Lourdes;college;prive;44300;Nantes
0440219Z;Saint-Jacques De Compostelle;college;prive;44200;Nantes
0440221B;Saint-Michel;college;prive;44390;Nort-sur-Erdre
0440223D;Saint-Joseph;college;prive;44170;Nozay
0440224E;Saint-Martin;college;prive;44160;Pontchâteau
0440226G;Notre-Dame de Recouvrance;college;prive;44210;Pornic
0440228J;du Sacré-Coeur;college;prive;44380;Pornichet
0440229K;Saint-Paul;college;prive;44400;Rezé
0440231M;Sainte-Anne;college;prive;44400;Rezé
0440232N;Saint-Augustin;college;prive;44440;Riaillé
0440233P;Saint-Joseph;college;prive;44250;Saint-Brévin-les-Pins
0440235S;Sainte-Thérèse;college;prive;44600;Saint-Nazaire
0440236T;du Sacré-Coeur;college;prive;44680;Sainte-Pazanne
0440238V;Saint-Roch;college;prive;44320;Saint-Père-en-Retz
0440239W;Général Lamoricière;college;prive;44310;Saint-Philbert-de-Grand-Lieu
0440241Y;Saint-Joseph;college;prive;44260;Savenay
0440242Z;Saint-Joseph;college;prive;44330;Vallet
0440243A;Sainte-Anne;college;prive;44370;Varades
0440244B;Saint-Blaise;college;prive;44120;Vertou
0440283U;Libertaire - Rutigliano;college;public;44319;Nantes
0440284V;Stendhal;college;public;44322;Nantes
0440285W;Gaston Serpette;college;public;44000;Nantes
0440286X;Claude Debussy;college;public;44100;Nantes
0440287Y;Le Hérault;college;public;44800;Saint-Herblain
0440289A;Jean Mounes;college;public;44210;Pornic
0440290B;Pierre Brossolette;ecole;public;44600;Saint-Nazaire
0440291C;Iles de Loire;college;public;44230;Saint-Sébastien-sur-Loire
0440292D;Jean Mermoz;college;public;44170;Nozay
0440293E;Robert Schumann;college;public;44110;Châteaubriant
0440308W;Le Galinet;college;public;44130;Blain
0440309X;Le Breil;college;public;44100;Nantes
0440311Z;Ernest Renan;college;public;44800;Saint-Herblain
0440314C;Jean Moulin;college;public;44600;Saint-Nazaire
0440316E;La Neustrie;college;public;44340;Bouguenais
0440329U;-;EREA;public;44300;Nantes
0440347N;Antoine De Saint-Exupéry;college;public;44620;La-Montagne
0440348P;La Ville aux Roses;college;public;44110;Châteaubriant
0440350S;Albert Vincon;college;public;44600;Saint-Nazaire
0440358A;Nazareth - Saint-Joseph;ecole;prive;44110;Châteaubriant
0440360C;Sainte-Anne;ecole;prive;44110;Erbray
0440363F;Saint-Joseph;ecole;prive;44480;Donges
0440365H;Sainte-Marie;ecole;prive;44590;Derval
0440367K;Louis-Marie Grignion de Montfort;ecole;prive;44160;Crossac
0440368L;Saint-Goustan;ecole;prive;44490;Le-Croisic
0440371P;Saint-Joseph;ecole;prive;44521;Couffé
0440372R;Saint-Symphorien;ecole;prive;44220;Couëron
0440373S;Sainte-Thérèse;ecole;prive;44560;Corsept
0440374T;Sainte-Anne;ecole;prive;44360;Cordemais
0440376V;Saint-Donatien;ecole;prive;44290;Conquereuil
0440378X;Sainte-Famille;ecole;prive;44190;Clisson
0440379Y;Sainte-Victoire;ecole;prive;44210;Pornic
0440381A;Saint-Louis De Montfort;ecole;prive;44118;La-Chevrolière
0440383C;Saint-Aubin;ecole;prive;44810;La-Chevallerais
0440384D;Notre-Dame;ecole;prive;44680;Chéméré
0440387G;Saint-Joseph;ecole;prive;44320;Chauvé
0440388H;Saint-Joseph;ecole;prive;44690;Château-Thébaud
0440390K;de la Trinité;ecole;prive;44110;Châteaubriant
0440391L;Saint-Michel;ecole;prive;44240;La-Chapelle-sur-Erdre
0440422V;Sainte-Anne;college;prive;44470;Carquefou
0440423W;Saint-Joseph;college;prive;44590;Derval
0440436K;Gustave Roch;ecole;public;44140;Aigrefeuille-sur-Maine
0440437L;Albert Camus;ecole;public;44150;Ancenis
0440440P;-;ecole;public;44150;Anetz
0440441R;-;ecole;public;44320;Arthon-en-Retz
0440442S;Jacques Raux;ecole;public;44410;Assérac
0440443T;Le Petit Bois;ecole;public;44460;Avessac
0440444U;La Clé des Champs;ecole;public;44450;Barbechat
0440446W;Alain Boutle;ecole;public;44740;Batz-sur-Mer
0440447X;Georges Tanchoux;ecole;public;44500;La-Baule-Escoublac
0440450A;Le Bois Robin;ecole;public;44500;La-Baule-Escoublac
0440451B;Le Guézy;ecole;public;44500;La-Baule-Escoublac
0440454E;Paul Minot;ecole;public;44500;La-Baule-Escoublac
0440461M;Anatole France;ecole;public;44130;Blain
0440465S;Pierre Gripari;ecole;public;44430;La-Boissière-du-Doré
0440467U;Maryse Bastié;ecole;public;44830;Bouaye
0440468V;Les Courlis;ecole;public;44260;Bouée
0440469W;François-René De Châteaubriand;ecole;public;44340;Bouguenais
0440472Z;Urbain Le Verrier;ecole;public;44340;Bouguenais
0440475C;Fougan De Mer;ecole;public;44340;Bouguenais
0440477E;Marc Elder;ecole;public;44580;Bourgneuf-en-Retz
0440478F;Le Petit Prince;ecole;public;44190;Boussay
0440479G;Félix Leclerc;ecole;public;44130;Bouvron
0440480H;Jules Verne;ecole;public;44830;Brains
0440481J;Ferdinand Daniel;ecole;public;44750;Campbon
0440482K;Louis Armand;ecole;public;44470;Carquefou
0440485N;Robert Doisneau;ecole;public;44450;La-Chapelle-Basse-Mer
0440486P;Les Fritillaires;ecole;public;44330;La-Chapelle-Heulin
0440487R;Jules Verne;ecole;public;44260;La-Chapelle-Launay
0440488S;Les Fifendes;ecole;public;44410;La-Chapelle-des-Marais
0440489T;Le Jardin Extraordinaire;ecole;public;44370;La-Chapelle-Saint-Sauveur
0440490U;La Lande de Mazaire;ecole;public;44240;La-Chapelle-sur-Erdre
0440491V;Les Terrasses;ecole;public;44110;Châteaubriant
0440493X;de Béré;ecole;public;44110;Châteaubriant
0440495Z;René-Guy Cadou;ecole;public;44110;Châteaubriant
0440496A;du Moulin Chupin;ecole;public;44690;Château-Thébaud
0440497B;-;ecole;public;44640;Cheix-en-Retz
0440498C;Armelle Chevalier;ecole;public;44680;Chéméré
0440500E;A. Couprie;ecole;public;44118;La-Chevrolière
0440501F;-;ecole;public;44210;Pornic
0440504J;La Renaissance;ecole;public;44290;Conquereuil
0440505K;Pierre et Marie Curie;ecole;public;44360;Cordemais
0440506L;Camille Corot;ecole;public;44560;Corsept
0440508N;Marcel Gouzil;ecole;public;44220;Couëron
0440509P;Louise Michel;ecole;public;44220;Couëron
0440512T;Anne Frank;ecole;public;44220;Couëron
0440514V;Paul Bert;ecole;public;44220;Couëron
0440515W;Aristide Briand;ecole;public;44220;Couëron
0440519A;Jacques Cartier;ecole;public;44490;Le-Croisic
0440522D;Condorcet;ecole;public;44160;Crossac
0440524F;Le Tourniquet;ecole;public;44590;Derval
0440525G;Honoré De Balzac;ecole;public;44480;Donges
0440526H;George Sand;ecole;public;44480;Donges
0440528K;-;ecole;public;44480;Donges
0440529L;-;ecole;public;44530;Drefféac
0440530M;Henri Matisse;ecole;public;44110;Erbray
0440531N;-;ecole;public;44110;Erbray
0440534S;Salvador Allende;college;public;44400;Rezé
0440536U;Georges De La Tour;college;public;44000;Nantes
0440538W;Jacques Brel;college;public;44350;Guérande
0440539X;René-Guy Cadou;college;public;44550;Montoir-de-Bretagne
0440540Y;Jean-Baptiste Pellé de Quéral;college;public;44160;Pontchâteau
0440542A;Manon Roland;college;public;44600;Saint-Nazaire
0440543B;La Madeleine;ecole;public;44460;Fégréac
0440544C;Jean De La Fontaine;ecole;public;44660;Fercé
0440545D;-;ecole;public;44580;Fresnay-en-Retz
0440550J;Marcel Pagnol;ecole;public;44140;Geneston
0440551K;Jacques-Yves Cousteau;ecole;public;44190;Gétigné
0440552L;-;ecole;public;44190;Gorges
0440555P;La Chataigneraie;ecole;public;44115;Haute-Goulaine
0440557S;Les Marronniers;ecole;public;44170;La-Grigonnais
0440558T;Louis Pergaud;ecole;public;44290;Guémené-Penfao
0440561W;Les Trois Chênes;ecole;public;44530;Guenrouet
0440562X;Bois Rochefort;ecole;public;44350;Guérande
0440564Z;Jean De La Fontaine;ecole;public;44350;Guérande
0440565A;-;ecole;public;44350;Guérande
0440566B;Charles Gifard;ecole;public;44690;La-Haie-Fouassière
0440567C;René-Guy Cadou;ecole;public;44410;Herbignac
0440574K;Pierre Mara;ecole;public;44610;Indre
0440578P;Jean Monnet;ecole;public;44520;Issé
0440579R;La Sarmentille;ecole;public;44430;Le-Landreau
0440580S;-;ecole;public;44260;Lavau-sur-Loire
0440584W;Maxime Marchand;ecole;public;44430;Le-Loroux-Bottereau
0440585X;René-Guy Cadou;ecole;public;44110;Louisfert
0440586Y;-;ecole;public;44590;Lusanger
0440587Z;Jacques-Yves Cousteau;ecole;public;44270;Machecoul
0440588A;Jules Verne;ecole;public;44690;Maisdon-sur-Sèvre
0440589B;Claire Fontaine;ecole;public;44260;Malville
0440590C;Robert Deschamps;ecole;public;44290;Massérac
0440591D;Jules Verne;ecole;public;44470;Mauves-sur-Loire
0440592E;-;ecole;public;44520;La-Meilleraye-de-Bretagne
0440593F;Hortense Tanvet;ecole;public;44522;Mésanger
0440596J;Françoise Dolto;ecole;public;44780;Missillac
0440598L;Les Trois Moulins;ecole;public;44690;Monnières
0440599M;Jules Verne;ecole;public;44620;La-Montagne
0440600N;Jules Ferry;ecole;public;44620;La-Montagne
0440602R;Victor Hugo;ecole;public;44550;Montoir-de-Bretagne
0440603S;Jean Jaurès;ecole;public;44550;Montoir-de-Bretagne
0440605U;Albert Vincon;ecole;public;44550;Montoir-de-Bretagne
0440607W;Joachim Du Bellay;ecole;public;44370;Montrelais
0440608X;-;ecole;public;44590;Mouais
0440609Y;Eric Tabarly;ecole;public;44580;Les-Moutiers-en-Retz
0440612B;Agenets 1;ecole;public;44000;Nantes
0440613C;André-Marie Ampère;ecole;public;44000;Nantes
0440614D;Les Batignolles;ecole;public;44000;Nantes
0440617G;Le Baut;ecole;public;44000;Nantes
0440619J;Marie-Anne Du Boccage;ecole;public;44000;Nantes
0440620K;de Breil-Malville;ecole;public;44000;Nantes
0440623N;Grand Carcouet;ecole;public;44000;Nantes
0440624P;Champenois;ecole;public;44000;Nantes
0440626S;La Chauvinière;ecole;public;44000;Nantes
0440627T;Chêne d'Aron;ecole;public;44000;Nantes
0440628U;Sully;ecole;public;44000;Nantes
0440632Y;Le Coudray;ecole;public;44000;Nantes
0440633Z;des Chataigniers;ecole;public;44000;Nantes
0440635B;Dervallières - Château;ecole;public;44000;Nantes
0440636C;Dervallières - Chézine 1;ecole;public;44000;Nantes
0440637D;Dervallières - Chézine 2;ecole;public;44000;Nantes
0440639F;Maurice Macé;ecole;public;44000;Nantes
0440640G;Fellonneau;ecole;public;44000;Nantes
0440641H;de la Fraternité;ecole;public;44000;Nantes
0440644L;Louis-Joseph Gay-Lussac;ecole;public;44000;Nantes
0440645M;George Sand;ecole;public;44000;Nantes
0440647P;Alphonse Braud;ecole;public;44000;Nantes
0440648R;Harouys;ecole;public;44000;Nantes
0440649S;Jean Jaurès;ecole;public;44000;Nantes
0440650T;La Jonelière;ecole;public;44000;Nantes
0440651U;Ledru-Rollin;ecole;public;44000;Nantes
0440652V;Urbain Le Verrier;ecole;public;44000;Nantes
0440654X;de Longchamp;ecole;public;44000;Nantes
0440656Z;André Lermite;ecole;public;44000;Nantes
0440658B;Les Marsauderies;ecole;public;44000;Nantes
0440661E;Léon Blum;ecole;public;44000;Nantes
0440663G;La Mutualité;ecole;public;44000;Nantes
0440664H;-;ecole;public;44000;Nantes
0440665J;Charles Lebourg;ecole;public;44000;Nantes
0440667L;Emile Pehant;ecole;public;44000;Nantes
0440668M;Plessis Cellier;ecole;public;44000;Nantes
0440670P;Plessis Gautron;ecole;public;44000;Nantes
0440674U;Port Boyer;ecole;public;44000;Nantes
0440678Y;Gustave Roch;ecole;public;44000;Nantes
0440682C;Léon Say;ecole;public;44000;Nantes
0440683D;Gaston Serpette;ecole;public;44000;Nantes
0440684E;de Stalingrad;ecole;public;44000;Nantes
0440685F;Villa Maria;ecole;public;44000;Nantes
0440687H;Alain Fournier;ecole;public;44000;Nantes
0440688J;Jean Zay;ecole;public;44000;Nantes
0440729D;-;ecole;public;44390;Nort-sur-Erdre
0440731F;Marcel Pagnol;ecole;public;44130;Notre-Dame-des-Landes
0440732G;Renée et Roger Jolivot;ecole;public;44440;Joué-sur-Erdre
0440733H;Charles Perrault;ecole;public;44110;Noyal-sur-Brutz
0440734J;La Pierre Bleue;ecole;public;44170;Nozay
0440737M;Le Vieux Chêne;ecole;public;44700;Orvault
0440739P;Bois Saint-Louis;ecole;public;44700;Orvault
0440742T;Emile Gibier;ecole;public;44700;Orvault
0440744V;Jules Verne;ecole;public;44521;Oudon
0440745W;Louis Pergaud;ecole;public;44560;Paimboeuf
0440748Z;-;ecole;public;44330;Le-Pallet
0440752D;-;ecole;public;44670;Petit-Auverné
0440757J;-;ecole;public;44630;Plessé
0440760M;-;ecole;public;44160;Pontchâteau
0440761N;Les Halbrans;ecole;public;44860;Pont-Saint-Martin
0440763R;Kerlor;ecole;public;44210;Pornic
0440767V;Léon Gambetta;ecole;public;44380;Pornichet
0440769X;Jean Macé;ecole;public;44380;Pornichet
0440771Z;-;ecole;public;44710;Port-Saint-Père
0440772A;Anne Sylvestre;ecole;public;44522;Pouillé-les-Côteaux
0440773B;Paul Lesage;ecole;public;44510;Le-Pouliguen
0440776E;Les Petits Mousses;ecole;public;44770;Préfailles
0440777F;-;ecole;public;44260;Prinquiau
0440780J;-;ecole;public;44750;Quilly
0440781K;Clément Pellerin;ecole;public;44330;La-Regrippière
0440782L;Jean De La Fontaine;ecole;public;44140;Remouillé
0440786R;du Château Nord;ecole;public;44400;Rezé
0440789U;du Château Sud;ecole;public;44400;Rezé
0440792X;Chêne Creux;ecole;public;44400;Rezé
0440797C;La Houssais;ecole;public;44400;Rezé
0440799E;de l'Ouche Dinier 1;ecole;public;44400;Rezé
0440800F;de l'Ouche Dinier 2;ecole;public;44400;Rezé
0440803J;Roger Salengro;ecole;public;44400;Rezé
0440807N;Jean Jaurès;ecole;public;44400;Rezé
0440808P;Robert Doisneau;ecole;public;44440;Riaillé
0440809R;Castellane;ecole;public;44370;La-Rouxière
0440812U;Jacques Prévert;ecole;public;44390;Saffré
0440814W;Jules D'Herbauges;ecole;public;44860;Saint-Aignan-Grandlieu
0440815X;Jules Ferry;ecole;public;44117;Saint-André-des-Eaux
0440816Y;-;ecole;public;44110;Saint-Aubin-des-Châteaux
0440818A;François Dallet;ecole;public;44250;Saint-Brévin-les-Pins
0440820C;Paul Fort;ecole;public;44250;Saint-Brévin-les-Pins
0440821D;Jacques Prévert;ecole;public;44310;Saint-Colomban
0440825H;-;ecole;public;44690;Saint-Fiacre-sur-Maine
0440828L;Robert Doisneau;ecole;public;44530;Saint-Gildas-des-Bois
0440830N;Jacqueline Auriol;ecole;public;44800;Saint-Herblain
0440831P;La Bernardière;ecole;public;44800;Saint-Herblain
0440832R;de la Crémetterie;ecole;public;44800;Saint-Herblain
0440835U;Les Grands Bois;ecole;public;44800;Saint-Herblain
0440838X;du Joli Mai;ecole;public;44800;Saint-Herblain
0440839Y;La Rabotière;ecole;public;44800;Saint-Herblain
0440841A;-;ecole;public;44680;Saint-Hilaire-de-Chaléons
0440842B;-;ecole;public;44640;Saint-Jean-de-Boiseau
0440844D;Simone De Beauvoir;ecole;public;44720;Saint-Joachim
0440850K;-;ecole;public;44670;Saint-Julien-de-Vouvantes
0440851L;Jacques Brel;ecole;public;44710;Saint-Léger-les-Vignes
0440855R;Les Guifettes;ecole;public;44410;Saint-Lyphard
0440856S;Eugène Nicol;ecole;public;44550;Saint-Malo-de-Guersac
0440858U;Les Sablons;ecole;public;44210;Pornic
0440859V;Madeleine et Paul Delaroche;ecole;public;44680;Saint-Mars-de-Coutais
0440860W;George Sand;ecole;public;44850;Saint-Mars-du-Désert
0440864A;L'Horizon;ecole;public;44730;Saint-Michel-Chef-Chef
0440865B;La Roche Blanche;ecole;public;44350;Saint-Molf
0440866C;Paul Bert;ecole;public;44600;Saint-Nazaire
0440868E;Sadi Carnot;ecole;public;44600;Saint-Nazaire
0440870G;Pierre et Marie Curie;ecole;public;44600;Saint-Nazaire
0440874L;Jules Ferry;ecole;public;44600;Saint-Nazaire
0440876N;Victor Hugo 1;ecole;public;44600;Saint-Nazaire
0440877P;Victor Hugo 2;ecole;public;44600;Saint-Nazaire
0440880T;Jules Simon;ecole;public;44600;Saint-Nazaire
0440881U;Jean Jaurès 1;ecole;public;44600;Saint-Nazaire
0440882V;Jean Jaurès 2;ecole;public;44600;Saint-Nazaire
0440886Z;Michelet;ecole;public;44600;Saint-Nazaire
0440888B;Albert Camus;ecole;public;44600;Saint-Nazaire
0440892F;Ernest Renan;ecole;public;44600;Saint-Nazaire
0440894H;Léon Gambetta;ecole;public;44600;Saint-Nazaire
0440896K;Lamartine;ecole;public;44600;Saint-Nazaire
0440899N;Waldeck Rousseau;ecole;public;44600;Saint-Nazaire
0440902S;Léon Blum 1;ecole;public;44600;Saint-Nazaire
0440903T;Léon Blum 2;ecole;public;44600;Saint-Nazaire
0440906W;Ferdinand Buisson;ecole;public;44600;Saint-Nazaire
0440908Y;François-René De Châteaubriand;ecole;public;44600;Saint-Nazaire
0440911B;L'Herbinerie;ecole;public;44460;Saint-Nicolas-de-Redon
0440912C;Maurice Pigeon;ecole;public;44680;Sainte-Pazanne
0440913D;Jacques Brel;ecole;public;44320;Saint-Père-en-Retz
0440914E;Jean Rostand;ecole;public;44310;Saint-Philbert-de-Grand-Lieu
0440915F;René-Guy Cadou;ecole;public;44160;Sainte-Reine-de-Bretagne
0440917H;Théodore Monod;ecole;public;44230;Saint-Sébastien-sur-Loire
0440920L;Le Douet;ecole;public;44230;Saint-Sébastien-sur-Loire
0440922N;La Profondine 1;ecole;public;44230;Saint-Sébastien-sur-Loire
0440923P;La Profondine 2;ecole;public;44230;Saint-Sébastien-sur-Loire
0440927U;Le Mont Scobrit;ecole;public;44320;Saint-Viaud
0440928V;La Rivière;ecole;public;44880;Sautron
0440929W;Robert Desnos;ecole;public;44260;Savenay
0440930X;Prince Bois;ecole;public;44260;Savenay
0440932Z;La Garenne;ecole;public;44530;Sévérac
0440934B;-;ecole;public;44590;Sion-les-Mines
0440936D;La Tilleulière;ecole;public;44840;Les-Sorinières
0440937E;Jacques Brel;ecole;public;44110;Soudan
0440940H;René Descartes;ecole;public;44240;Sucé-sur-Erdre
0440941J;Jacques Demy;ecole;public;44440;Teillé
0440943L;Louis Girard;ecole;public;44360;Le-Temple-de-Bretagne
0440944M;Joachim Du Bellay;ecole;public;44470;Thouaré-sur-Loire
0440946P;-;ecole;public;44650;Touvois
0440948S;Alexandre Vincent;ecole;public;44119;Treillières
0440950U;Marie Curie;ecole;public;44570;Trignac
0440953X;Léo Lagrange;ecole;public;44570;Trignac
0440957B;Jules Verne;ecole;public;44420;La-Turballe
0440965K;Les Treilles;ecole;public;44120;Vertou
0440967M;Henri Lesage;ecole;public;44120;Vertou
0440970R;Les Régniers;ecole;public;44120;Vertou
0440972T;Charles Perrault;ecole;public;44360;Vigneux-de-Bretagne
0440974V;-;ecole;public;49440;Vritz
0440975W;Le Tenu;ecole;public;44640;Vue
0440989L;La Ferrière;ecole;public;44700;Orvault
0440995T;-;ecole;public;44150;Saint-Herblon
0440997V;Les Plantes;ecole;public;44000;Nantes
0440998W;Henri Bergson;ecole;public;44000;Nantes
0440999X;Jacques Prévert;ecole;public;44190;Clisson
0441034K;La Contrie;ecole;public;44000;Nantes
0441035L;Jules Ferry;ecole;public;44540;Saint-Mars-la-Jaille
0441036M;-;ecole;public;44590;Saint-Vincent-des-Landes
0441037N;Jean-Baptiste Pellé de Quéral;ecole;public;44160;Pontchâteau
0441038P;Les Garennes;ecole;public;44000;Nantes
0441039R;Marcel Pagnol;ecole;public;44160;Besné
0441040S;Jean Brelet;ecole;public;44450;Saint-Julien-de-Concelles
0441041T;Georges Brassens;ecole;public;44610;Indre
0441043V;Y.A. Plancher;ecole;public;44400;Rezé
0441044W;Charles Perron;ecole;public;44130;Le-Gâvre
0441047Z;René Cercle;ecole;public;44770;La-Plaine-sur-Mer
0441048A;Port au Blé;ecole;public;44400;Rezé
0441050C;Saint-Jean;ecole;prive;44370;La-Chapelle-Saint-Sauveur
0441051D;Sainte-Thérèse;ecole;prive;44410;La-Chapelle-des-Marais
0441052E;Sainte-Marie;ecole;prive;44410;La-Chapelle-des-Marais
0441054G;Sainte-Thérèse;ecole;prive;44260;La-Chapelle-Launay
0441057K;Saint-Joseph;ecole;prive;44330;La-Chapelle-Heulin
0441059M;Notre-Dame du Sacré-Coeur;ecole;prive;44670;La-Chapelle-Glain
0441060N;Notre-Dame;ecole;prive;44450;La-Chapelle-Basse-Mer
0441062R;Notre-Dame;ecole;prive;44140;Aigrefeuille-sur-Maine
0441064T;Saint-Laurent;ecole;prive;44130;Blain
0441066V;Notre-Dame Saint-Pierre;ecole;prive;44340;Bouguenais
0441069Y;Saint-Jean-Bosco;ecole;prive;44850;Le-Cellier
0441070Z;Sainte-Anne;ecole;prive;44390;Casson
0441071A;Saint-Joseph;ecole;prive;44470;Carquefou
0441072B;Saint-Victor;ecole;prive;44750;Campbon
0441074D;Sainte-Anne;ecole;prive;44830;Brains
0441075E;Saint-Sauveur;ecole;prive;44130;Bouvron
0441078H;du Sacré-Coeur;ecole;prive;44190;Boussay
0441079J;du Sacré-Coeur;ecole;prive;44580;Bourgneuf-en-Retz
0441080K;Sainte-Julitte;ecole;prive;44580;Bourgneuf-en-Retz
0441082M;Sainte-Thérèse;ecole;prive;44260;Bouée
0441083N;Notre-Dame de la Trinité;ecole;prive;44830;Bouaye
0441084P;Notre-Dame;ecole;prive;44130;Blain
0441085R;Sainte-Marie;ecole;prive;44540;Bonnoeuvre
0441087T;Sainte-Philomène;ecole;prive;44130;Blain
0441089V;Notre-Dame de Lourdes;ecole;prive;44140;Le-Bignon
0441091X;Sainte-Marie;ecole;prive;44160;Besné
0441092Y;Sainte-Jeanne D'Arc;ecole;prive;44760;La-Bernerie-en-Retz
0441094A;Saint-Martin;ecole;prive;44370;Belligné
0441096C;du Sacré-Coeur;ecole;prive;44500;La-Baule-Escoublac
0441097D;Saint-Joseph;ecole;prive;44500;La-Baule-Escoublac
0441098E;Sainte-Marie - Saint-Pierre;ecole;prive;44740;Batz-sur-Mer
0441101H;Sainte-Marie;ecole;prive;44460;Avessac
0441102J;Sainte-Anne;ecole;prive;44410;Assérac
0441103K;Sainte-Victoire;ecole;prive;44320;Arthon-en-Retz
0441105M;Sainte-Marie;ecole;prive;44320;Arthon-en-Retz
0441106N;Notre-Dame;ecole;prive;44150;Anetz
0441107P;Sainte-Anne;ecole;prive;44150;Ancenis
0441108R;Saint-Louis De Gonzague;ecole;prive;44150;Ancenis
0441111U;Saint-Joseph;ecole;prive;44170;Abbaretz
0441114X;Saint-Martin;ecole;prive;44130;Fay-de-Bretagne
0441117A;Saint-Charles;ecole;prive;44460;Fégréac
0441119C;Saint-Joseph;ecole;prive;44580;Fresnay-en-Retz
0441120D;Saint Louis de Montfort;ecole;prive;44320;Frossay
0441122F;Saint-Pierre;ecole;prive;44130;Le-Gâvre
0441125J;Sainte-Mie-Madeleine;ecole;prive;44140;Geneston
0441127L;Notre-Dame du Sacré-Coeur;ecole;prive;44190;Gétigné
0441128M;Pie X - Immaculée;ecole;prive;44190;Gorges
0441130P;du Centre d'Angreviers;ecole;prive;44190;Gorges
0441132S;Saint-Brice - Sainte-Marie;ecole;prive;44115;Basse-Goulaine
0441133T;Sainte-Radegonde;ecole;prive;44115;Haute-Goulaine
0441136W;Notre-Dame des Anges;ecole;prive;44520;Grand-Auverné
0441137X;Saint-Joseph;ecole;prive;44119;Grandchamps-des-Fontaines
0441139Z;Saint-Michel;ecole;prive;44170;La-Grigonnais
0441140A;Sainte-Marie;ecole;prive;44290;Guémené-Penfao
0441145F;Sainte-Marie;ecole;prive;44530;Guenrouet
0441149K;Sainte-Marie;ecole;prive;44350;Guérande
0441151M;Saint-Joseph;ecole;prive;44350;Guérande
0441152N;Notre-Dame de Lourdes;ecole;prive;44350;Guérande
0441153P;Saint-Joseph;ecole;prive;44690;La-Haie-Fouassière
0441155S;Sainte-Marie;ecole;prive;44410;Herbignac
0441157U;Sainte-Marie;ecole;prive;44810;Héric
0441158V;Sainte-Anne;ecole;prive;44610;Indre
0441159W;Saint-Louis;ecole;prive;44520;Issé
0441161Y;Saint-Michel;ecole;prive;44170;Jans
0441164B;Saint-Etienne;ecole;prive;44550;Montoir-de-Bretagne
0441166D;Saint-Joseph;ecole;prive;44140;Montbert
0441168F;Notre-Dame;ecole;prive;44620;La-Montagne
0441169G;Saint-Joseph;ecole;prive;44690;Monnières
0441171J;du Sacré-Coeur;ecole;prive;44520;Moisdon-la-Rivière
0441173L;Sainte-Luce;ecole;prive;44780;Missillac
0441174M;Saint-Joseph;ecole;prive;44780;Missillac
0441178S;Saint-Joseph;ecole;prive;44522;Mésanger
0441179T;Sainte-Marie;ecole;prive;44520;La-Meilleraye-de-Bretagne
0441182W;Saint-Joseph;ecole;prive;44470;Mauves-sur-Loire
0441183X;Sainte-Marie;ecole;prive;44540;Maumusson
0441187B;Saint-Léger;ecole;prive;44170;Marsac-sur-Don
0441189D;Jeanne D'Arc;ecole;prive;44270;La-Marne
0441190E;Sainte-Marie;ecole;prive;44260;Malville
0441193H;Sainte-Anne;ecole;prive;44690;Maisdon-sur-Sèvre
0441195K;Saint-Honoré;ecole;prive;44270;Machecoul
0441196L;Notre-Dame de Bonne Garde;ecole;prive;44590;Lusanger
0441198N;Saint-Jean-Baptiste;ecole;prive;44430;Le-Loroux-Bottereau
0441200R;Saint-Joseph;ecole;prive;44310;La-Limouzinière
0441201S;Notre-Dame;ecole;prive;44850;Ligné
0441202T;Notre-Dame;ecole;prive;44650;Legé
0441206X;Sainte-Marie;ecole;prive;44430;Le-Landreau
0441207Y;Notre-Dame de Lourdes;ecole;prive;44670;Juigné-des-Moutiers
0441210B;Saint-Louis De Gonzague;ecole;prive;44440;Joué-sur-Erdre
0441212D;Sainte-Germaine;ecole;prive;44380;Pornichet
0441214F;Saint-Jean;ecole;prive;44380;Pornichet
0441216H;de l'Ange Gardien;ecole;prive;44210;Pornic
0441218K;Saint-Joseph;ecole;prive;44860;Pont-Saint-Martin
0441220M;Notre-Dame de Lourdes;ecole;prive;44160;Pontchâteau
0441221N;Saint-Joseph;ecole;prive;44160;Pontchâteau
0441222P;Sainte-Marie;ecole;prive;44630;Plessé
0441225T;Notre-Dame du Sacré-Coeur;ecole;prive;44630;Plessé
0441227V;Sainte-Catherine;ecole;prive;44140;La-Planche
0441230Y;Notre-Dame;ecole;prive;44770;La-Plaine-sur-Mer
0441231Z;Notre-Dame du Rosaire;ecole;prive;44420;Piriac-sur-Mer
0441233B;Saint-Joseph;ecole;prive;44540;Le-Pin
0441234C;Saint-Guénolé;ecole;prive;44290;Pierric
0441235D;Sainte-Marie;ecole;prive;44390;Petit-Mars
0441239H;Notre-Dame;ecole;prive;44640;Le-Pellerin
0441240J;-;ecole;prive;44270;Paulx
0441244N;Saint-Joseph;ecole;prive;44330;Le-Pallet
0441246R;du Sacré-Coeur;ecole;prive;44560;Paimboeuf
0441249U;Saint-Joseph;ecole;prive;44521;Oudon
0441251W;Saint-Joseph;ecole;prive;44700;Orvault
0441252X;Sainte-Marie;ecole;prive;44170;Nozay
0441254Z;Sainte-Marie;ecole;prive;44130;Notre-Dame-des-Landes
0441256B;Sainte-Jeanne D'Arc;ecole;prive;44390;Nort-sur-Erdre
0441259E;Saint-Joseph;ecole;prive;44330;Mouzillon
0441260F;Notre-Dame;ecole;prive;44850;Mouzeil
0441261G;Sainte-Thérèse;ecole;prive;44580;Les-Moutiers-en-Retz
0441264K;Sainte-Marie;ecole;prive;44360;Saint-Etienne-de-Montluc
0441266M;Sainte-Marie;ecole;prive;44270;Saint-Etienne-de-Mer-Morte
0441272U;Saint-Louis;ecole;prive;44310;Saint-Colomban
0441274W;de l'Immaculée;ecole;prive;44250;Saint-Brévin-les-Pins
0441277Z;-;ecole;prive;44110;Saint-Aubin-des-Châteaux
0441278A;Saint-Michel;ecole;prive;44160;Sainte-Anne-sur-Brivet
0441280C;Notre-Dame du Sacré-Coeur;ecole;prive;44117;Saint-André-des-Eaux
0441282E;Saint-Pierre;ecole;prive;44860;Saint-Aignan-Grandlieu
0441284G;Saint-Joseph;ecole;prive;44390;Saffré
0441286J;Saint-Maurice;ecole;prive;44370;La-Rouxière
0441288L;Saint-Joseph;ecole;prive;44660;Rougé
0441290N;Saint-Martin;ecole;prive;44640;Rouans
0441292R;Sainte-Marie;ecole;prive;44522;La-Roche-Blanche
0441293S;Notre-Dame;ecole;prive;44440;Riaillé
0441295U;Notre-Dame;ecole;prive;44400;Rezé
0441296V;Saint-Paul;ecole;prive;44400;Rezé
0441298X;Saint-Joseph;ecole;prive;44400;Rezé
0441300Z;Saint-Pierre;ecole;prive;44140;Remouillé
0441302B;Saint-Michel;ecole;prive;44430;La-Remaudière
0441303C;du Sacré-Coeur;ecole;prive;44330;La-Regrippière
0441304D;Sainte-Thérèse;ecole;prive;44750;Quilly
0441306F;Saint-Joseph;ecole;prive;44390;Puceul
0441307G;Notre-Dame du Sacré-Coeur;ecole;prive;44260;Prinquiau
0441308H;Sainte-Marie;ecole;prive;44510;Le-Pouliguen
0441311L;-;ecole;prive;44710;Port-Saint-Père
0441314P;Saint-François;ecole;prive;44350;Saint-Molf
0441316S;Sainte-Bernadette;ecole;prive;44730;Saint-Michel-Chef-Chef
0441319V;Saint-Louis;ecole;prive;44270;Saint-Même-le-Tenu
0441320W;Sainte-Thérèse;ecole;prive;44540;Saint-Mars-la-Jaille
0441323Z;Saint-Martin;ecole;prive;44850;Saint-Mars-du-Désert
0441324A;Sainte-Thérèse;ecole;prive;44680;Saint-Mars-de-Coutais
0441328E;Saint-Joseph;ecole;prive;44210;Pornic
0441329F;Saint-Joseph;ecole;prive;44550;Saint-Malo-de-Guersac
0441331H;Sainte-Anne;ecole;prive;44410;Saint-Lyphard
0441333K;Sainte-Marie;ecole;prive;44310;Saint-Lumine-de-Coutais
0441335M;Sainte-Jeanne D'Arc;ecole;prive;44190;Saint-Lumine-de-Clisson
0441338R;Saint-Vincent;ecole;prive;44980;Sainte-Luce-sur-Loire
0441340T;Saint-Michel;ecole;prive;44670;Saint-Julien-de-Vouvantes
0441341U;Sainte-Marie;ecole;prive;44450;Saint-Julien-de-Concelles
0441342V;Saint-Joseph;ecole;prive;44450;Saint-Julien-de-Concelles
0441344X;Sainte-Anne;ecole;prive;44720;Saint-Joachim
0441346Z;Saint-Yves;ecole;prive;44650;Corcoué-sur-Logne
0441348B;Saint-Marc;ecole;prive;44640;Saint-Jean-de-Boiseau
0441350D;Saint-Joseph;ecole;prive;44190;Saint-Hilaire-de-Clisson
0441352F;Sainte-Thérèse;ecole;prive;44680;Saint-Hilaire-de-Chaléons
0441354H;Saint-Joseph;ecole;prive;44150;Saint-Herblon
0441355J;Sainte-Marie;ecole;prive;44800;Saint-Herblain
0441356K;Saint-Hermeland;ecole;prive;44800;Saint-Herblain
0441358M;Saint-Joseph;ecole;prive;44530;Saint-Gildas-des-Bois
0441360P;Le Gotha;ecole;prive;44150;Saint-Géréon
0441361R;Saint-Dominique;ecole;prive;44800;Saint-Herblain
0441364U;Saint-Pierre;ecole;prive;44420;La-Turballe
0441365V;Sainte-Anne;ecole;prive;44420;La-Turballe
0441366W;Sainte-Thérèse;ecole;prive;44119;Treillières
0441368Y;Notre-Dame du Sacré-Coeur;ecole;prive;44170;Treffieux
0441371B;Saint-Michel;ecole;prive;44650;Touvois
0441374E;du Sacré-Coeur;ecole;prive;44390;Les-Touches
0441376G;Saint-Louis De Montfort;ecole;prive;44470;Thouaré-sur-Loire
0441377H;Notre-Dame des Vertus;ecole;prive;44360;Le-Temple-de-Bretagne
0441379K;Saint-Pierre;ecole;prive;44440;Teillé
0441381M;Saint-Etienne;ecole;prive;44240;Sucé-sur-Erdre
0441382N;Sainte-Anne;ecole;prive;44110;Soudan
0441384R;Sainte-Marie;ecole;prive;44840;Les-Sorinières
0441387U;Saint-Joseph;ecole;prive;44590;Sion-les-Mines
0441389W;Saint-Joseph;ecole;prive;44530;Sévérac
0441391Y;Notre-Dame;ecole;prive;44260;Savenay
0441393A;Saint-Jean-Baptiste;ecole;prive;44880;Sautron
0441394B;Notre-Dame;ecole;prive;44590;Saint-Vincent-des-Landes
0441396D;Saint-Vital;ecole;prive;44320;Saint-Viaud
0441398F;du Sacré-Coeur;ecole;prive;44540;Saint-Sulpice-des-Landes
0441399G;Sainte-Bernadette;ecole;prive;44230;Saint-Sébastien-sur-Loire
0441402K;Sainte-Thérèse;ecole;prive;44230;Saint-Sébastien-sur-Loire
0441404M;Saint-Louis;ecole;prive;44160;Sainte-Reine-de-Bretagne
0441406P;Notre-Dame de la Clarté;ecole;prive;44310;Saint-Philbert-de-Grand-Lieu
0441407R;Sainte-Opportune;ecole;prive;44320;Saint-Père-en-Retz
0441410U;Notre-Dame de Lourdes;ecole;prive;44680;Sainte-Pazanne
0441411V;Sainte-Anne;ecole;prive;44460;Saint-Nicolas-de-Redon
0441412W;Notre-Dame de toutes Aides;ecole;prive;44000;Nantes
0441413X;du Sacré-Coeur;ecole;prive;44000;Nantes
0441414Y;Sainte-Madeleine;ecole;prive;44000;Nantes
0441417B;Saint-Nicolas;ecole;prive;44000;Nantes
0441420E;Saint-Michel;ecole;prive;44000;Nantes
0441422G;Sainte-Marie;ecole;prive;44000;Nantes
0441427M;Saint-Martin;ecole;prive;44000;Nantes
0441428N;Notre-Dame de la Sagesse;ecole;prive;44000;Nantes
0441432T;Sainte-Thérèse;ecole;prive;44000;Nantes
0441434V;Jean XXIII;ecole;prive;44000;Nantes
0441435W;Saint-Clair;ecole;prive;44000;Nantes
0441437Y;Sainte-Agnès;ecole;prive;44000;Nantes
0441438Z;Sainte-Claire D'Assise;ecole;prive;44000;Nantes
0441440B;Marcel Callo;ecole;prive;44000;Nantes
0441442D;Saint-Joseph;ecole;prive;44000;Nantes
0441444F;Saint-Philbert;ecole;prive;44640;Vue
0441446H;Notre-Dame de la Paix;ecole;prive;44110;Villepot
0441447J;La Trinité;ecole;prive;44360;Vigneux-de-Bretagne
0441448K;Sainte-Anne;ecole;prive;44360;Vigneux-de-Bretagne
0441451N;Sainte-Jeanne D'Arc;ecole;prive;44116;Vieillevigne
0441452P;Sainte-Famille;ecole;prive;44120;Vertou
0441454S;Saint-Martin;ecole;prive;44120;Vertou
0441455T;Saint-Joseph;ecole;prive;44120;Vertou
0441457V;Saint-Yves;ecole;prive;44170;Vay
0441459X;Sainte-Famille;ecole;prive;44370;Varades
0441461Z;Sainte-Marie;ecole;prive;44330;Vallet
0441463B;Blanche De Castille;ecole;prive;44000;Nantes
0441464C;Notre-Dame;ecole;prive;44600;Saint-Nazaire
0441465D;La Perverie;ecole;prive;44000;Nantes
0441466E;de l'Immaculée Conception;ecole;prive;44000;Nantes
0441468G;Saint-Félix;ecole;prive;44000;Nantes
0441470J;Saint-Pierre;ecole;prive;44000;Nantes
0441471K;Notre-Dame de Lourdes;ecole;prive;44000;Nantes
0441474N;Notre-Dame de toutes Aides;ecole;prive;44600;Saint-Nazaire
0441476R;Saint-Gohard;ecole;prive;44600;Saint-Nazaire
0441477S;Saint-Joseph;ecole;prive;44600;Saint-Nazaire
0441478T;Saint-Joseph De Méan;ecole;prive;44600;Saint-Nazaire
0441480V;de l'Immaculée;ecole;prive;44600;Saint-Nazaire
0441482X;Sainte-Bernadette;ecole;prive;44600;Saint-Nazaire
0441484Z;Notre-Dame des Batignolles;ecole;prive;44000;Nantes
0441485A;Notre-Dame de toutes Joies;ecole;prive;44000;Nantes
0441486B;Saint-Yves;ecole;prive;44000;Nantes
0441488D;Saint-Donatien;ecole;prive;44000;Nantes
0441490F;Notre-Dame de Bon Port;ecole;prive;44000;Nantes
0441492H;Sainte-Anne;ecole;prive;44000;Nantes
0441494K;Notre-Dame de toutes Aides;ecole;prive;44000;Nantes
0441497N;Don Bosco;ecole;prive;44000;Nantes
0441514G;Jean De Neyman;college;public;44600;Saint-Nazaire
0441515H;Jean Moulin;ecole;public;44000;Nantes
0441520N;La Bottière;ecole;public;44000;Nantes
0441521P;du Soleil Levant;ecole;public;44800;Saint-Herblain
0441522R;La Sensive;ecole;public;44800;Saint-Herblain
0441526V;-;ecole;public;44810;Héric
0441527W;Louis Davy;ecole;public;44170;Abbaretz
0441528X;Les Magnolias;ecole;public;44660;Ruffigné
0441529Y;René-Guy Cadou;ecole;public;44760;La-Bernerie-en-Retz
0441530Z;Jules Ferry;ecole;public;44610;Indre
0441531A;Daniel Cury;ecole;public;44660;Soulvache
0441535E;René-Guy Cadou;ecole;public;44370;Varades
0441539J;Agenets 2;ecole;public;44000;Nantes
0441541L;Le Chambord;ecole;public;44650;Legé
0441545R;La Noé Lambert;college;public;44300;Nantes
0441547T;Le Grand Beauregard;college;public;44240;La-Chapelle-sur-Erdre
0441548U;René Bernier;college;public;44230;Saint-Sébastien-sur-Loire
0441557D;Paul Eluard;ecole;public;44330;Vallet
0441559F;La Cerisaie;ecole;public;44980;Sainte-Luce-sur-Loire
0441560G;Les Tilleuls;ecole;public;44980;Sainte-Luce-sur-Loire
0441563K;La Harlière;ecole;public;44800;Saint-Herblain
0441564L;de l'Angevinière;ecole;public;44800;Saint-Herblain
0441565M;La Guerche;ecole;public;44360;Saint-Etienne-de-Montluc
0441566N;de Ragon;ecole;public;44400;Rezé
0441567P;L'Hermitage;ecole;public;44640;Le-Pellerin
0441568R;de la Salentine;ecole;public;44700;Orvault
0441571U;Louise Michel;ecole;public;44000;Nantes
0441572V;Louis Cadoret;ecole;public;44850;Mouzeil
0441573W;Robert Desnos;ecole;public;44119;Grandchamps-des-Fontaines
0441574X;Le Petit Prince;ecole;public;49123;Le-Fresne-sur-Loire
0441604E;-;ecole;public;44290;Guémené-Penfao
0441605F;Les Lonnières;ecole;public;44850;Le-Cellier
0441606G;-;ecole;public;44150;Saint-Géréon
0441608J;La Durantière;college;public;44100;Nantes
0441610L;Gutenberg;college;public;44800;Saint-Herblain
0441612N;Pierre De Coubertin;college;public;44650;Legé
0441613P;Pierre Norange;college;public;44600;Saint-Nazaire
0441616T;Julien Lambot;college;public;44570;Trignac
0441626D;Le Grignon;ecole;public;44115;Basse-Goulaine
0441627E;du Moulin;ecole;public;44140;Le-Bignon
0441628F;Beau Soleil;ecole;public;44240;La-Chapelle-sur-Erdre
0441632K;-;ecole;public;44420;Piriac-sur-Mer
0441634M;Louis Pergaud;ecole;public;44000;Nantes
0441645Z;La Martelière;ecole;public;44230;Saint-Sébastien-sur-Loire
0441646A;L'Enclos;ecole;public;44120;Vertou
0441654J;Paul Doumer;college;public;44390;Nort-sur-Erdre
0441655K;Louis Pasteur;college;public;44540;Saint-Mars-la-Jaille
0441657M;Antoine De Saint-Exupéry;college;public;44260;Savenay
0441658N;Pierre et Marie Curie;college;public;44640;Le-Pellerin
0441661S;Robert Doisneau;ecole;public;44240;La-Chapelle-sur-Erdre
0441666X;Paul Gauguin;ecole;public;44000;Nantes
0441671C;Beauregard;ecole;public;44800;Saint-Herblain
0441675G;Edouard Herriot;ecole;public;44600;Saint-Nazaire
0441681N;René Cassin;ecole;public;44140;Montbert
0441683R;Paul-Emile Victor;ecole;public;44116;Vieillevigne
0441685T;Hélène Cadou;ecole;public;44420;Mesquer
0441686U;Auguste Mailloux;college;public;44430;Le-Loroux-Bottereau
0441689X;Mme De Sevigné;ecole;public;44150;Ancenis
0441690Y;Claude Monet;ecole;public;44110;Châteaubriant
0441694C;François Dallet;ecole;public;44000;Nantes
0441695D;Ange Guépin;ecole;public;44000;Nantes
0441697F;Jean De La Fontaine;ecole;public;44160;Sainte-Anne-sur-Brivet
0441703M;Jean Zay;ecole;public;44600;Saint-Nazaire
0441706R;Le Clos du Moulin;ecole;public;44840;Les-Sorinières
0441724K;La Reinetière;college;public;44980;Sainte-Luce-sur-Loire
0441727N;Arthur Rimbaud;college;public;44480;Donges
0441728P;René Char;college;public;44720;Saint-Joachim
0441733V;La Croix Jeannette;ecole;public;44340;Bouguenais
0441734W;du Pont-Marchand;ecole;public;44700;Orvault
0441820P;Gabriel Guist'Hau;college;public;44042;Nantes
0441821R;Jules Verne;college;public;44042;Nantes
0441822S;climatique Grand Air;college;public;44500;La-Baule-Escoublac
0441838J;Jacques Prévert;ecole;public;44470;Carquefou
0441852Z;Saint-Aubin;ecole;prive;44350;Guérande
0441858F;Bellestre;college;public;44830;Bouaye
0441859G;Eric Tabarly;college;public;44500;La-Baule-Escoublac
0441862K;Louise Michel;college;public;44560;Paimboeuf
0441875Z;La Métairie;ecole;public;44220;Couëron
0441876A;Le Pradonnais;ecole;public;44350;Guérande
0441877B;Bernard Escurat;ecole;public;44600;Saint-Nazaire
0441879D;Françoise Dolto;ecole;public;44000;Nantes
0441887M;Jean Zay;ecole;public;44340;Bouguenais
0441892T;La Sanguèze;ecole;public;44330;Mouzillon
0441893U;Bois Raguenet;ecole;public;44700;Orvault
0441895W;La Reinetière;ecole;public;44980;Sainte-Luce-sur-Loire
0441909L;Paul Fort;ecole;public;44470;Thouaré-sur-Loire
0441917V;La Fontaine;college;public;44780;Missillac
0441923B;Jules Verne;ecole;public;44850;Ligné
0441924C;La Beaujoire;ecole;public;44000;Nantes
0441928G;Saint-Joseph;college;prive;44150;Ancenis
0441929H;Saint-Joseph;college;prive;44110;Châteaubriant
0441930J;Saint-Joseph;college;prive;44270;Machecoul
0441931K;Saint-Joseph Du Loquidy;college;prive;44322;Nantes
0441932L;Blanche De Castille;college;prive;44319;Nantes
0441933M;Externat des Enfants Nantais;college;prive;44042;Nantes
0441934N;Françoise D'Amboise;college;prive;44015;Nantes
0441935P;Notre-Dame de toutes Aides;college;prive;44071;Nantes
0441936R;La Perverie - Sacré-Coeur;college;prive;44322;Nantes
0441937S;Saint-Félix;college;prive;44001;Nantes
0441938T;Saint-Stanislas;college;prive;44042;Nantes
0441939U;Gabriel Deshayes;college;prive;44530;Saint-Gildas-des-Bois
0441940V;Saint-Dominique;college;prive;44800;Saint-Herblain
0441941W;Saint-Louis;college;prive;44600;Saint-Nazaire
0441961T;Jacques Tati;ecole;public;44000;Nantes
0441963V;Antoine De Saint-Exupéry;ecole;public;44360;Vigneux-de-Bretagne
0441986V;Georges Brassens;ecole;public;44470;Carquefou
0441987W;E. et J. Montgolfier;ecole;public;44390;Casson
0441988X;La Blanchetière;ecole;public;44240;La-Chapelle-sur-Erdre
0441989Y;Guy De Maupassant;ecole;public;44390;Petit-Mars
0441990Z;René-Guy Cadou;ecole;public;44800;Saint-Herblain
0441996F;Antoine De Saint-Exupéry;ecole;public;44140;La-Planche
0442011X;La Coutancière;college;public;44240;La-Chapelle-sur-Erdre
0442013Z;La Forêt;ecole;public;44880;Sautron
0442023K;Paul Gauguin;college;public;44360;Cordemais
0442024L;Maison Neuve;ecole;public;44000;Nantes
0442029S;Gérard Philipe;college;public;44470;Carquefou
0442032V;Henri Rivière;ecole;public;44130;Fay-de-Bretagne
0442033W;La Ronde;ecole;public;44630;Plessé
0442034X;La Genolière;ecole;public;44640;Le-Pellerin
0442035Y;Le Linot;ecole;public;44000;Nantes
0442036Z;La Barberie;ecole;public;44000;Nantes
0442042F;Alexis Maneyrol;ecole;public;44320;Frossay
0442043G;Jean Monnet;ecole;public;44320;Arthon-en-Retz
0442044H;-;ecole;public;44440;Trans-sur-Erdre
0442050P;Hugues Aufray;ecole;public;44521;Couffé
0442051R;Victor Hugo;ecole;public;44830;Bouaye
0442052S;Pierre Abelard;college;public;44330;Vallet
0442055V;Jules Verne;ecole;public;44640;Rouans
0442064E;Anne Frank;ecole;public;44470;Carquefou
0442066G;Le Jardin de Bellevue;ecole;public;44310;Saint-Lumine-de-Coutais
0442074R;Anatole De Monzie;ecole;public;44000;Nantes
0442091J;La Lune Bleue;ecole;public;44530;Guenrouet
0442104Y;Diwan;ecole;prive;44000;Nantes
0442110E;Condorcet;ecole;public;44800;Saint-Herblain
0442119P;de Bretagne;college;prive;44300;Nantes
0442186M;Condorcet;college;public;44310;Saint-Philbert-de-Grand-Lieu
0442231L;Diwan;ecole;prive;44600;Saint-Nazaire
0442277L;de Goulaine;college;public;44115;Basse-Goulaine
0442314B;Jean De La Fontaine;ecole;public;44230;Saint-Sébastien-sur-Loire
0442317E;Les Buzardières;ecole;public;44800;Saint-Herblain
0442368K;du Pays Blanc;college;public;44350;Guérande
0442388G;Centre Educatif Nantais Sportifs;college;prive;44240;La-Chapelle-sur-Erdre
0442400V;Les Réformes;ecole;public;44000;Nantes
0442411G;Le Parc;ecole;public;44320;Chauvé
0442417N;Les Sables d'Or;college;public;44470;Thouaré-sur-Loire
0442418P;Le Haut Gesvres;college;public;44119;Treillières
0442440N;Joseph Fraud;ecole;public;44119;Treillières
0442513T;-;ecole;public;44440;Pannecé
0442523D;-;ecole;public;44470;Carquefou
0442524E;-;ecole;public;44660;Rougé
0442525F;Françoise Giroud;ecole;public;44800;Saint-Herblain
0442526G;Jacqueline Auriol;ecole;public;44310;Saint-Philbert-de-Grand-Lieu
0442527H;Pierre Attelee;ecole;public;44250;Saint-Brévin-les-Pins
0442536T;-;ecole;public;44310;La-Limouzinière
0442539W;2;ecole;public;44810;Héric
